,Country/Region,Mean_daily_deaths
179,US,1203.0485829959514
23,Brazil,933.3137651821862
79,India,659.8623481781376
115,Mexico,452.33805668016197
183,United Kingdom,259.1842105263158
